Time Left,Rounded Units Left,Bid Ask Spread,Volume Misbalance,Immediate Cost,Signed Transcation Volume,Action
-210.82965146923075,-371.4226425077614,-70.600324359929488,-153.42110621654425,-244.1661987713569,-286.08533870848811,262.50285841187724,-1116.8411721966595,-1664.0051245486857,-254.77628991440108,-577.95479447140121,-1036.9372736218354,-1155.8813086896432,1454.5004004012553,-2981.9647681970823,192.0858368253503,-375.05361113341348,-1978.1180973733235,-1887.3109195112563,5709.2270856876366,92.532047488239272,58.516985006771833,-126.23336882784484,-272.74726004860867,1124.4186975742828,-29.186455200077798,-445.46768754081825,-679.94078443704393,2174.7083669318549,-1289.5769230058065,-1269.5695761061991,2535.2108255065468,-1520.391892492891,1925.8808770433382,1466.7897412029017
-210.67379040234007,-371.36511836209928,-70.678912824429759,-153.18188662730373,-244.22017130787549,-286.07476814095213,262.60932054820819,-1115.8368759091798,-1663.2786743555498,-254.70717225748984,-576.83588076273566,-1037.3133947822125,-1154.9171058449158,1454.8828499931769,-2983.0409143840466,194.24122687619581,-373.26539964022533,-1977.3580141141363,-1887.8627524568847,5707.0384918073669,91.443025829414793,59.13515160201954,-125.00193108702993,-273.76711511643771,1125.2280473470946,-26.603842099587439,-445.10212757774906,-678.62039487366008,2176.334615523851,-1290.5942076467375,-1270.1324774120139,2535.416895629161,-1520.84841538979,1926.5880951220645,1467.0161602914293
-178.8917846703815
-178.8850213787957
