Time Left,Rounded Units Left,Bid Ask Spread,Volume Misbalance,Immediate Cost,Signed Transcation Volume,Action
0.018517587219788901,-0.023805740919313968,0.038005077032984773,-0.015755539719653201,0.049144689627831299,0.021113931684991677,-0.0071358133636379769
0.019646822125800666,-0.053646569699740201,0.02600847343203953,-0.0067708675064638508,0.038116289965798439,0.01444915190668911,0.013454263670468246
0.0042387372940996771
0.0029059395997774965
