Time Left,Rounded Units Left,Bid Ask Spread,Volume Misbalance,Immediate Cost,Signed Transcation Volume,Action
0.012958976965762516,-0.0099551120187704005,0.028278539290180676,0.0028074382276295396,0.039277290889332017,0.015710299605655988,0.0018599804581599317
0.0031655264504844936
